{"stats":{"minecraft:crafted":{"minecraft:crafting_table":1,"minecraft:spruce_planks":16,"minecraft:stick":8,"minecraft:wooden_pickaxe":1,"minecraft:stone_pickaxe":1,"minecraft:furnace":1,"minecraft:spruce_boat":1,"minecraft:stone_axe":1},"minecraft:used":{"minecraft:spruce_boat":1,"minecraft:wooden_pickaxe":14,"minecraft:stone_axe":46,"minecraft:dirt":3,"minecraft:sweet_berries":4,"minecraft:crafting_table":3},"minecraft:custom":{"minecraft:time_since_rest":11969,"minecraft:sprint_one_cm":36758,"minecraft:damage_taken":20,"minecraft:walk_one_cm":9270,"minecraft:mob_kills":1,"minecraft:drop":10,"minecraft:damage_dealt":46,"minecraft:swim_one_cm":3592,"minecraft:interact_with_crafting_table":3,"minecraft:fly_one_cm":12902,"minecraft:crouch_one_cm":7189,"minecraft:play_time":11969,"minecraft:sneak_time":2331,"minecraft:walk_under_water_one_cm":299,"minecraft:boat_one_cm":3454,"minecraft:jump":119,"minecraft:walk_on_water_one_cm":1933,"minecraft:leave_game":1,"minecraft:time_since_death":11969,"minecraft:total_world_time":11969,"minecraft:fall_one_cm":1649},"minecraft:picked_up":{"minecraft:stick":4,"minecraft:crafting_table":3,"minecraft:sweet_berries":32,"minecraft:salmon":3,"minecraft:spruce_sapling":6,"minecraft:spruce_log":34,"minecraft:dirt":4,"minecraft:spruce_boat":1,"minecraft:spruce_planks":1,"minecraft:sugar_cane":12,"minecraft:cobblestone":14},"minecraft:killed":{"minecraft:salmon":1},"minecraft:mined":{"minecraft:large_fern":6,"minecraft:seagrass":2,"minecraft:tall_seagrass":1,"minecraft:sweet_berry_bush":12,"minecraft:spruce_log":34,"minecraft:crafting_table":3,"minecraft:grass_block":2,"minecraft:dirt":2,"minecraft:spruce_leaves":71,"minecraft:stone":14,"minecraft:sugar_cane":7},"minecraft:dropped":{"minecraft:sweet_berries":9,"minecraft:spruce_planks":1}},"DataVersion":3465}