{"stats":{"minecraft:crafted":{"minecraft:crafting_table":2,"minecraft:spruce_planks":28,"minecraft:stick":16,"minecraft:wooden_pickaxe":2,"minecraft:stone_pickaxe":2,"minecraft:furnace":1,"minecraft:spruce_boat":1,"minecraft:stone_axe":2},"minecraft:used":{"minecraft:spruce_boat":2,"minecraft:wooden_pickaxe":20,"minecraft:stone_axe":119,"minecraft:dirt":6,"minecraft:sweet_berries":6,"minecraft:crafting_table":5},"minecraft:custom":{"minecraft:time_since_rest":5052,"minecraft:sprint_one_cm":113776,"minecraft:damage_taken":546,"minecraft:walk_one_cm":21232,"minecraft:mob_kills":10,"minecraft:drop":10,"minecraft:damage_dealt":1257,"minecraft:swim_one_cm":7531,"minecraft:interact_with_crafting_table":7,"minecraft:fly_one_cm":43956,"minecraft:crouch_one_cm":8730,"minecraft:play_time":23969,"minecraft:deaths":2,"minecraft:sneak_time":3306,"minecraft:walk_under_water_one_cm":858,"minecraft:boat_one_cm":28183,"minecraft:jump":336,"minecraft:walk_on_water_one_cm":3345,"minecraft:leave_game":1,"minecraft:time_since_death":5022,"minecraft:total_world_time":23969,"minecraft:fall_one_cm":5015},"minecraft:picked_up":{"minecraft:stick":4,"minecraft:crafting_table":5,"minecraft:pumpkin":19,"minecraft:sweet_berries":32,"minecraft:salmon":3,"minecraft:leather":6,"minecraft:spruce_sapling":6,"minecraft:spruce_log":61,"minecraft:dirt":7,"minecraft:arrow":2,"minecraft:bone":2,"minecraft:spruce_boat":2,"minecraft:spruce_planks":1,"minecraft:beef":6,"minecraft:sugar_cane":12,"minecraft:mutton":8,"minecraft:white_wool":6,"minecraft:cobblestone":20},"minecraft:killed":{"minecraft:sheep":4,"minecraft:skeleton":2,"minecraft:salmon":1,"minecraft:cow":3},"minecraft:mined":{"minecraft:large_fern":6,"minecraft:seagrass":2,"minecraft:tall_seagrass":1,"minecraft:sweet_berry_bush":12,"minecraft:spruce_log":63,"minecraft:birch_leaves":4,"minecraft:pumpkin":19,"minecraft:crafting_table":5,"minecraft:grass":1,"minecraft:grass_block":4,"minecraft:dirt":3,"minecraft:spruce_leaves":74,"minecraft:stone":20,"minecraft:sugar_cane":7},"minecraft:killed_by":{"minecraft:skeleton":1,"minecraft:enderman":1},"minecraft:dropped":{"minecraft:sweet_berries":9,"minecraft:spruce_planks":1}},"DataVersion":3465}