{"stats":{"minecraft:crafted":{"minecraft:crafting_table":1,"minecraft:spruce_planks":64,"minecraft:stick":20,"minecraft:wooden_pickaxe":1,"minecraft:stone_pickaxe":1,"minecraft:wooden_axe":1},"minecraft:used":{"minecraft:wooden_axe":20,"minecraft:stone_pickaxe":14,"minecraft:wooden_pickaxe":12,"minecraft:mutton":3,"minecraft:crafting_table":1,"minecraft:sweet_berries":4},"minecraft:custom":{"minecraft:time_since_rest":5461,"minecraft:sprint_one_cm":71356,"minecraft:damage_taken":316,"minecraft:walk_one_cm":72516,"minecraft:mob_kills":5,"minecraft:drop":1,"minecraft:damage_dealt":536,"minecraft:interact_with_crafting_table":3,"minecraft:swim_one_cm":11371,"minecraft:fly_one_cm":22082,"minecraft:crouch_one_cm":237,"minecraft:play_time":22749,"minecraft:deaths":1,"minecraft:sneak_time":168,"minecraft:walk_under_water_one_cm":1566,"minecraft:boat_one_cm":24907,"minecraft:jump":276,"minecraft:leave_game":1,"minecraft:time_since_death":5429,"minecraft:walk_on_water_one_cm":9097,"minecraft:total_world_time":22749,"minecraft:fall_one_cm":2483},"minecraft:picked_up":{"minecraft:crafting_table":1,"minecraft:sweet_berries":4,"minecraft:brown_wool":1,"minecraft:brown_mushroom":6,"minecraft:gravel":49,"minecraft:flint":7,"minecraft:ink_sac":3,"minecraft:spruce_log":16,"minecraft:lapis_lazuli":25,"minecraft:dirt":2,"minecraft:wheat_seeds":2,"minecraft:light_gray_wool":1,"minecraft:mutton":4,"minecraft:cobblestone":12},"minecraft:killed":{"minecraft:sheep":4,"minecraft:squid":1},"minecraft:mined":{"minecraft:large_fern":3,"minecraft:seagrass":1,"minecraft:brown_mushroom":6,"minecraft:sweet_berry_bush":1,"minecraft:spruce_log":16,"minecraft:crafting_table":1,"minecraft:grass":1,"minecraft:dirt":2,"minecraft:gravel":56,"minecraft:spruce_leaves":3,"minecraft:lapis_ore":4,"minecraft:stone":12},"minecraft:killed_by":{"minecraft:zombie":1},"minecraft:dropped":{"minecraft:crafting_table":1}},"DataVersion":3465}