{"stats":{"minecraft:crafted":{"minecraft:crafting_table":1,"minecraft:spruce_planks":64,"minecraft:stick":20,"minecraft:stone_pickaxe":1,"minecraft:wooden_pickaxe":1,"minecraft:wooden_axe":1},"minecraft:used":{"minecraft:wooden_axe":1,"minecraft:crafting_table":1,"minecraft:stone_pickaxe":5,"minecraft:wooden_pickaxe":11},"minecraft:custom":{"minecraft:time_since_rest":10749,"minecraft:crouch_one_cm":112,"minecraft:sprint_one_cm":7086,"minecraft:play_time":10749,"minecraft:damage_taken":36,"minecraft:walk_one_cm":34026,"minecraft:sneak_time":78,"minecraft:walk_under_water_one_cm":54,"minecraft:boat_one_cm":4141,"minecraft:drop":1,"minecraft:jump":102,"minecraft:walk_on_water_one_cm":1191,"minecraft:leave_game":1,"minecraft:time_since_death":10749,"minecraft:total_world_time":10749,"minecraft:swim_one_cm":1230,"minecraft:interact_with_crafting_table":3,"minecraft:fall_one_cm":960,"minecraft:fly_one_cm":2068},"minecraft:picked_up":{"minecraft:crafting_table":1,"minecraft:sweet_berries":4,"minecraft:wheat_seeds":1,"minecraft:gravel":24,"minecraft:flint":3,"minecraft:spruce_log":16,"minecraft:lapis_lazuli":25,"minecraft:dirt":2,"minecraft:cobblestone":12},"minecraft:mined":{"minecraft:large_fern":3,"minecraft:gravel":27,"minecraft:dirt":2,"minecraft:lapis_ore":4,"minecraft:spruce_log":16,"minecraft:stone":12,"minecraft:crafting_table":1},"minecraft:dropped":{"minecraft:crafting_table":1}},"DataVersion":3465}